AVERAGE_FELT_TEMPERATURE,AVERAGE_ROAD_TEMPERATURE,MINIMUM_FELT_TEMPERATURE,DATE,MINIMUM_PRECIPITATION,MAXIMUM_HUMIDITY,MAXIMUM_FELT_TEMPERATURE,MAXIMUM_PRECIPITATION,MAXIMUM_TEMPERATURE,AVERAGE_HUMIDITY,AVERAGE_WIND,AVERAGE_DIRECTIONOFWIND,MINIMUM_TEMPERATURE,AVERAGE_TEMPERATURE,MAXIMUM_ROAD_TEMPERATURE,MINIMUM_HUMIDITY,MINIMUM_DIRECTIONOFWIND,MINIMUM_WIND,MAXIMUM_DIRECTIONOFWIND,MINIMUM_ROAD_TEMPERATURE,MAXIMUM_WIND,AVERAGE_PRECIPITATION
4.59,5.45,-4.22,2020-01-01,0.00,100.00,12.57,60.00,11.51,78.29,2.83,181.60,-0.55,5.69,13.90,51.39,0.00,0.00,360.00,-37.10,14.19,1.54
3.67,5.04,-2.54,2020-01-02,0.00,100.00,11.34,133.30,9.78,89.70,3.07,118.59,1.03,5.07,13.50,62.12,0.00,0.00,360.00,0.50,18.51,1.54
5.22,6.17,-1.05,2020-01-03,0.00,100.00,12.83,133.30,11.05,83.64,1.54,149.68,1.11,5.46,16.40,51.61,0.00,0.00,360.00,0.70,10.15,1.51
6.32,7.18,-1.54,2020-01-04,0.00,100.00,15.32,133.30,13.77,72.02,1.54,211.19,-0.90,6.47,19.50,25.07,0.00,0.00,355.00,0.60,7.49,1.72
5.26,6.32,-2.87,2020-01-05,0.00,100.00,13.99,61.00,10.79,88.35,2.08,148.14,-0.94,5.80,12.40,52.40,0.00,0.00,360.00,0.70,16.85,1.47
3.60,6.36,-2.12,2020-01-06,0.00,100.00,10.20,133.30,8.51,93.53,6.24,113.61,3.05,6.26,10.10,74.78,0.00,0.00,360.00,4.10,24.77,1.41
1.83,5.58,-3.60,2020-01-07,0.00,100.00,8.67,133.30,7.42,94.25,5.92,154.59,2.19,4.84,10.00,79.71,0.00,0.00,360.00,2.50,22.42,1.03
2.12,4.96,-4.13,2020-01-08,0.00,100.00,8.74,133.30,7.36,86.86,3.89,159.31,0.85,4.23,10.00,51.59,0.00,0.00,360.00,-0.10,15.85,1.36
3.75,5.30,-2.62,2020-01-09,0.00,100.00,10.74,110.20,8.81,87.90,1.90,147.38,0.42,4.41,12.70,61.86,0.00,0.00,360.00,0.20,10.80,1.24
5.44,6.21,-3.69,2020-01-10,0.00,100.00,16.40,133.30,14.51,82.68,1.10,171.32,-1.55,5.35,19.40,32.46,0.00,0.00,359.00,-1.30,5.53,1.95
7.74,8.01,-2.24,2020-01-11,0.00,100.00,18.17,60.00,16.08,71.10,1.49,179.93,-1.46,7.71,21.80,32.46,0.00,0.00,359.00,0.10,7.40,1.46
7.23,7.79,2.19,2020-01-12,0.00,100.00,12.85,133.30,10.88,90.58,2.02,113.82,3.21,7.57,12.10,63.97,0.00,0.00,360.00,3.70,9.82,1.56
5.87,7.43,-1.80,2020-01-13,0.00,100.00,14.63,60.00,12.56,86.30,1.71,115.06,-0.55,6.19,21.00,54.73,0.00,0.00,360.00,1.20,6.38,1.49
6.33,7.45,-2.86,2020-01-14,0.00,100.00,16.51,133.30,14.19,87.68,1.36,126.16,-1.36,6.32,21.80,51.11,0.00,0.00,359.00,0.00,6.21,1.53
6.98,8.15,-2.30,2020-01-15,0.00,100.00,15.38,92.00,13.74,86.03,2.14,93.88,0.00,7.40,21.50,55.34,0.00,0.00,359.00,1.10,11.97,2.01
6.94,8.60,0.92,2020-01-16,0.00,100.00,13.28,133.30,11.60,79.03,3.30,89.07,5.08,8.01,14.10,56.29,0.00,0.00,359.00,4.90,16.71,1.46
5.78,8.02,0.26,2020-01-17,0.00,100.00,12.81,60.00,11.17,83.38,3.28,107.95,4.61,7.05,17.40,51.14,0.00,0.00,360.00,4.20,15.43,1.51
5.67,7.21,1.02,2020-01-18,0.00,100.00,12.88,61.00,10.71,80.40,2.80,94.56,2.87,6.69,17.80,47.43,0.00,0.00,360.00,2.40,15.20,1.53
4.61,6.29,-2.15,2020-01-19,0.00,100.00,10.92,146.70,9.24,84.16,2.00,126.05,1.30,5.28,18.60,45.94,0.00,0.00,360.00,2.10,13.19,1.49
2.36,5.08,-3.94,2020-01-20,0.00,100.00,9.19,133.30,8.36,86.97,3.54,175.15,0.84,4.30,14.90,62.57,0.00,0.00,359.00,0.10,15.31,1.40
2.02,4.17,-3.40,2020-01-21,0.00,100.00,10.29,133.30,5.57,81.97,1.99,195.11,-2.55,2.98,9.30,60.09,0.00,0.00,360.00,-1.40,11.79,1.34
3.51,5.38,-4.90,2020-01-22,0.00,100.00,10.98,60.00,9.76,80.76,2.10,197.85,-4.08,4.30,20.80,51.04,0.00,0.00,359.00,-2.80,12.55,1.45
4.37,5.90,-2.08,2020-01-23,0.00,100.00,10.55,133.30,9.47,67.27,2.98,182.85,1.09,5.66,19.40,34.52,0.00,0.00,360.00,0.00,13.49,1.69
4.76,6.21,-3.91,2020-01-24,0.00,100.00,13.76,60.00,11.65,66.47,1.48,182.45,-1.84,5.05,22.70,33.03,0.00,0.00,359.00,-1.00,7.55,1.42
6.71,7.57,-2.85,2020-01-25,0.00,100.00,15.36,60.00,13.20,72.63,2.72,211.55,-1.49,7.53,23.10,30.01,0.00,0.00,355.00,-0.40,12.17,1.41
10.05,9.65,2.78,2020-01-26,0.00,100.00,16.59,134.70,14.81,76.12,2.24,201.36,3.71,10.22,24.70,52.22,0.00,0.00,355.00,2.50,12.05,1.49
12.03,10.81,4.07,2020-01-27,0.00,100.00,20.13,61.00,18.21,68.53,1.74,179.90,3.85,11.71,20.90,39.34,0.00,0.00,355.00,5.50,7.49,1.57
8.57,9.83,2.78,2020-01-28,0.00,100.00,14.94,163.30,12.66,94.39,2.04,197.62,3.66,8.85,19.00,60.08,0.00,0.00,359.00,4.50,9.58,3.93
9.83,10.67,3.07,2020-01-29,0.00,100.00,18.51,135.00,16.93,83.80,3.32,190.40,4.14,10.44,22.90,52.90,0.00,0.00,359.00,4.60,15.40,2.15
5.93,6.86,-0.69,2020-01-30,0.00,100.00,13.47,133.30,10.83,87.61,1.62,191.90,0.82,6.21,17.50,52.08,0.00,0.00,359.00,0.80,8.61,1.44
6.15,8.29,-2.48,2020-01-31,0.00,100.00,12.47,133.30,11.53,70.26,2.96,205.45,-0.99,7.08,23.10,40.06,0.00,0.00,355.00,-0.60,13.59,1.27
10.99,11.63,3.92,2020-02-01,0.00,100.00,18.22,133.30,16.67,77.28,2.19,205.96,5.11,11.07,26.50,51.55,0.00,0.00,355.00,5.50,12.03,1.64
12.46,13.05,4.15,2020-02-02,0.00,100.00,20.96,133.30,19.03,73.68,2.65,211.27,4.14,12.49,28.90,38.83,0.00,0.00,355.00,4.90,13.50,1.58
12.62,12.92,6.36,2020-02-03,0.00,100.00,18.22,133.30,16.85,80.31,3.82,221.90,8.58,13.08,20.80,58.16,0.00,0.00,355.00,7.10,17.62,1.71
13.42,14.03,6.58,2020-02-04,0.00,100.00,20.05,133.30,18.30,81.38,2.81,189.12,7.05,13.35,26.50,53.25,0.00,0.00,359.00,7.90,18.14,1.47
11.32,11.59,2.12,2020-02-05,0.00,100.00,22.14,133.30,20.02,85.18,3.01,193.07,5.75,11.67,22.30,40.52,0.00,0.00,359.00,6.60,16.13,1.74
0.77,5.20,-6.23,2020-02-06,0.00,100.00,12.11,127.10,10.15,91.11,4.02,223.40,-0.48,3.25,12.50,60.20,0.00,0.00,360.00,1.10,15.02,1.61
1.46,5.48,-8.46,2020-02-07,0.00,100.00,10.86,133.30,8.81,80.35,2.57,194.63,-2.98,2.99,24.30,40.51,0.00,0.00,360.00,-4.00,14.00,1.46
-2.39,1.56,-9.21,2020-02-08,0.00,100.00,7.86,157.20,3.46,72.40,2.82,212.26,-3.93,-0.29,13.60,43.43,0.00,0.00,359.00,-3.60,12.13,1.44
0.46,3.70,-8.20,2020-02-09,0.00,100.00,9.40,60.00,6.53,60.60,1.50,222.81,-4.61,1.21,18.00,31.48,0.00,0.00,355.00,-3.80,6.85,1.32
3.96,6.68,-6.25,2020-02-10,0.00,100.00,12.59,133.30,10.67,66.78,2.97,184.66,-4.32,5.24,22.50,38.95,0.00,0.00,355.00,-2.90,14.41,1.21
9.71,10.91,2.29,2020-02-11,0.00,100.00,17.90,133.30,16.95,75.45,3.69,213.15,4.95,10.57,27.10,54.19,0.00,0.00,360.00,4.40,16.39,1.56
7.62,10.09,1.09,2020-02-12,0.00,100.00,15.12,120.10,13.86,83.37,1.90,197.15,1.88,7.89,25.10,52.84,0.00,0.00,357.00,4.00,9.44,1.55
7.72,10.05,-3.06,2020-02-13,0.00,100.00,17.92,133.30,15.73,61.34,1.42,186.20,-1.79,7.66,27.80,17.33,0.00,0.00,359.00,1.10,7.82,1.37
9.03,10.36,-4.97,2020-02-14,0.00,100.00,18.39,133.30,16.81,60.79,1.63,171.41,-3.77,8.99,25.90,29.46,0.00,0.00,355.00,-0.50,8.88,1.28
7.47,9.61,2.61,2020-02-15,0.00,100.00,14.98,133.30,11.40,89.84,2.71,161.13,5.35,8.24,16.30,53.35,0.00,0.00,360.00,6.30,12.33,1.43
6.28,10.05,-0.05,2020-02-16,0.00,100.00,13.76,133.30,12.60,81.39,2.74,108.32,1.58,7.15,26.20,50.14,0.00,0.00,360.00,2.40,11.54,1.49
6.17,9.85,-1.05,2020-02-17,0.00,100.00,19.09,137.70,17.05,80.76,1.83,108.20,-0.05,6.55,28.80,38.79,0.00,0.00,360.00,1.30,8.55,1.94
7.92,10.54,-2.98,2020-02-18,0.00,100.00,20.14,165.50,18.18,77.92,1.20,157.45,-1.36,7.69,30.40,27.97,0.00,0.00,359.00,1.00,7.16,2.47
7.29,10.64,-1.46,2020-02-19,0.00,100.00,16.40,133.30,14.86,89.88,1.60,170.64,-0.61,7.41,28.70,51.35,0.00,0.00,360.00,2.30,7.01,2.16
6.52,8.46,1.02,2020-02-20,0.00,100.00,12.02,133.30,10.05,93.87,2.09,103.95,4.47,7.02,15.20,75.97,0.00,0.00,360.00,5.20,12.52,1.59
5.03,7.74,0.49,2020-02-21,0.00,100.00,16.49,133.30,9.34,87.05,3.14,125.87,4.00,6.36,17.50,62.93,0.00,0.00,360.00,4.60,14.54,1.68
5.02,8.42,-0.41,2020-02-22,0.00,100.00,13.09,133.30,11.42,78.06,2.70,107.03,1.72,6.10,24.10,51.41,0.00,0.00,360.00,1.30,12.68,1.58
5.92,9.45,-2.14,2020-02-23,0.00,100.00,16.54,133.30,14.46,71.12,1.69,161.35,-1.00,6.25,36.70,33.40,0.00,0.00,359.00,0.00,14.49,1.49
8.42,10.29,-0.35,2020-02-24,0.00,100.00,15.84,133.30,15.20,70.19,3.69,177.06,3.73,9.44,22.40,33.33,0.00,0.00,359.00,3.10,19.65,1.57
9.46,11.65,-1.24,2020-02-25,0.00,100.00,19.28,133.30,17.67,55.79,2.05,168.92,0.30,9.60,35.90,17.94,0.00,0.00,356.00,1.80,9.88,1.42
14.67,15.88,3.62,2020-02-26,0.00,100.00,23.91,133.30,22.33,50.93,3.96,209.70,3.62,14.77,35.00,18.56,0.00,0.00,355.00,5.30,18.72,1.09
13.28,14.96,2.00,2020-02-27,0.00,100.00,22.80,133.30,21.12,68.33,4.72,211.94,5.29,13.76,33.60,35.26,0.00,0.00,355.00,6.60,20.83,1.51
9.58,12.75,0.09,2020-02-28,0.00,100.00,16.81,133.30,15.07,73.23,1.52,172.15,3.48,9.38,36.50,47.00,0.00,0.00,359.00,4.80,8.06,1.49
5.76,8.73,-0.67,2020-02-29,0.00,100.00,13.59,146.70,12.21,91.88,3.08,171.10,1.30,6.87,24.00,57.78,0.00,0.00,360.00,1.80,13.17,1.79
7.73,11.31,-1.02,2020-03-01,0.00,100.00,18.78,133.30,16.56,77.87,1.31,173.69,-0.37,7.52,32.00,31.30,0.00,0.00,355.00,0.40,5.81,1.77
12.09,14.24,-1.07,2020-03-02,0.00,100.00,20.61,133.30,19.50,66.34,2.62,200.86,-0.03,12.09,34.70,26.16,0.00,0.00,355.00,2.90,15.36,1.65
17.26,18.21,5.76,2020-03-03,0.00,100.00,26.49,133.30,24.36,54.91,2.63,193.97,5.67,16.62,48.20,26.38,0.00,0.00,355.00,7.30,13.73,1.59
16.11,16.69,5.23,2020-03-04,0.00,100.00,25.58,133.30,23.26,62.76,1.47,172.78,6.20,15.25,28.00,31.18,0.00,0.00,357.00,8.40,7.22,1.50
12.72,14.40,4.55,2020-03-05,0.00,100.00,22.13,133.30,19.90,78.55,1.91,196.12,6.84,12.47,26.70,44.20,0.00,0.00,360.00,9.50,7.97,1.79
11.21,13.54,4.41,2020-03-06,0.00,100.00,20.68,133.30,18.29,83.82,1.90,193.30,5.87,11.07,28.70,50.80,0.00,0.00,360.00,7.80,10.04,1.76
15.76,18.09,6.03,2020-03-07,0.00,100.00,24.43,133.30,22.37,58.91,2.56,187.78,6.03,15.33,39.40,25.01,0.00,0.00,355.00,7.80,13.89,1.31
18.82,19.31,6.88,2020-03-08,0.00,100.00,27.39,133.30,25.73,49.79,1.75,175.59,6.55,17.78,37.10,20.65,0.00,0.00,355.00,9.80,8.53,1.50
13.36,18.42,3.66,2020-03-09,0.00,100.00,26.89,141.70,24.71,70.80,2.76,156.56,5.59,13.38,38.40,26.80,0.00,0.00,360.00,8.90,14.49,1.90
10.27,11.61,3.41,2020-03-10,0.00,100.00,15.66,133.30,14.03,95.49,2.15,215.67,6.84,10.36,17.10,76.31,0.00,0.00,359.00,7.90,14.45,1.76
13.20,16.61,5.07,2020-03-11,0.00,100.00,21.35,133.30,20.05,77.08,1.62,192.32,5.08,12.67,38.20,39.20,0.00,0.00,355.00,7.30,7.72,3.34
11.97,16.75,2.04,2020-03-12,0.00,100.00,22.88,133.30,20.99,76.69,1.93,139.48,2.46,11.70,38.40,37.15,0.00,0.00,360.00,6.00,8.29,3.08
10.43,16.59,3.03,2020-03-13,0.00,100.00,21.64,166.30,19.74,82.17,2.15,128.83,4.45,10.46,38.50,41.33,0.00,0.00,360.00,6.60,9.09,2.46
8.74,14.53,1.41,2020-03-14,0.00,100.00,20.77,166.40,18.62,89.77,2.53,138.76,1.49,9.18,37.50,52.37,0.00,0.00,360.00,6.60,11.77,2.26
5.34,9.05,-1.70,2020-03-15,0.00,100.00,13.14,146.70,11.58,90.20,4.19,91.51,2.92,7.07,18.90,58.31,0.00,0.00,360.00,4.10,19.20,1.44
3.49,8.81,-1.60,2020-03-16,0.00,100.00,10.36,133.30,9.20,62.91,4.02,90.31,2.44,5.42,27.60,41.77,0.00,0.00,359.00,3.60,18.16,1.43
4.37,11.52,-3.96,2020-03-17,0.00,100.00,15.21,60.00,13.13,58.99,2.29,104.29,-2.21,5.27,36.40,28.20,0.00,0.00,360.00,0.80,11.47,1.53
3.94,9.28,-5.18,2020-03-18,0.00,100.00,13.29,133.30,11.10,73.85,2.84,117.20,-2.88,5.11,31.60,36.24,0.00,0.00,359.00,0.10,17.05,1.72
6.03,10.38,-0.54,2020-03-19,0.00,100.00,13.36,133.30,12.20,74.90,3.20,144.32,1.79,7.11,29.50,37.67,0.00,0.00,360.00,3.20,13.89,1.43
8.01,13.19,0.01,2020-03-20,0.00,100.00,17.08,60.00,15.43,74.66,1.35,141.80,0.97,7.87,35.30,30.85,0.00,0.00,359.00,2.60,6.84,1.47
10.16,14.99,-2.30,2020-03-21,0.00,100.00,21.46,133.30,19.19,66.58,1.25,162.26,-1.05,9.76,38.90,33.30,0.00,0.00,359.00,2.20,6.38,1.57
10.03,15.92,0.74,2020-03-22,0.00,100.00,22.83,166.30,21.18,77.28,2.82,159.89,1.16,10.49,38.80,31.92,0.00,0.00,359.00,4.60,11.67,1.93
7.41,10.35,2.39,2020-03-23,0.00,100.00,13.73,133.30,11.83,95.37,2.73,95.41,5.76,8.18,19.20,70.47,0.00,0.00,360.00,7.20,15.41,1.54
5.43,8.40,0.64,2020-03-24,0.00,100.00,11.58,133.30,9.77,95.47,4.07,82.55,4.41,7.08,15.50,79.61,0.00,0.00,359.00,5.70,17.78,1.44
5.33,8.25,0.64,2020-03-25,0.00,100.00,11.21,133.30,9.44,92.07,3.80,82.87,4.34,6.86,14.40,73.50,0.00,0.00,359.00,5.50,16.94,1.13
6.49,9.44,0.58,2020-03-26,0.00,100.00,12.60,133.40,10.42,90.59,4.04,86.10,5.19,7.97,17.00,72.47,0.00,0.00,360.00,-39.50,16.02,1.20
7.97,11.66,1.15,2020-03-27,0.00,100.00,15.12,133.30,13.59,89.20,2.79,107.04,4.85,8.69,31.40,59.51,0.00,0.00,360.00,-50.80,11.81,1.14
7.94,10.45,1.58,2020-03-28,0.00,100.00,16.27,133.30,13.58,90.54,2.20,208.77,4.85,8.36,24.00,48.06,0.00,0.00,360.00,-51.90,9.15,1.31
8.45,9.85,3.47,2020-03-29,0.00,100.00,15.68,133.30,11.93,94.34,2.47,229.19,6.30,8.99,15.80,77.04,0.00,0.00,355.00,-20.60,12.85,1.42
12.38,15.82,2.97,2020-03-30,0.00,100.00,21.85,60.00,19.96,75.49,2.07,191.51,3.76,12.20,38.90,36.11,0.00,0.00,355.00,-45.60,11.29,0.85
6.33,10.32,-1.93,2020-03-31,0.00,100.00,15.48,133.30,14.17,88.12,3.94,133.47,3.48,7.75,33.60,50.94,0.00,0.00,360.00,-24.40,19.33,1.32
5.40,8.90,-1.29,2020-04-01,0.00,100.00,12.33,153.30,11.10,92.64,3.33,91.21,3.42,6.76,26.30,67.22,0.00,0.00,359.00,5.50,13.22,1.34
5.39,8.52,-2.72,2020-04-02,0.00,100.00,12.72,133.30,10.96,94.19,3.72,117.79,2.60,6.92,22.60,73.08,0.00,0.00,360.00,4.00,17.24,0.95
6.87,9.38,-1.15,2020-04-03,0.00,100.00,15.83,150.90,13.39,88.52,1.45,175.86,1.87,6.89,26.40,54.14,0.00,0.00,359.00,3.30,6.45,1.33
7.40,8.79,-0.84,2020-04-04,0.00,100.00,15.01,136.20,12.78,93.27,2.83,105.27,0.38,8.06,17.90,66.52,0.00,0.00,359.00,2.00,16.93,1.21
7.11,9.30,-1.56,2020-04-05,0.00,100.00,13.85,133.30,12.37,94.86,5.31,94.60,5.05,8.93,19.20,69.85,0.00,0.00,359.00,6.10,25.65,1.03
6.48,9.75,-2.95,2020-04-06,0.00,100.00,13.34,133.30,11.55,78.82,5.84,87.37,3.55,8.51,22.40,55.87,0.00,0.00,360.00,5.10,22.69,1.11
7.25,13.98,-3.07,2020-04-07,0.00,100.00,14.75,133.30,13.42,69.24,5.58,84.41,3.48,9.08,33.50,39.79,0.00,0.00,359.00,4.10,21.84,1.16
7.17,14.63,-0.84,2020-04-08,0.00,100.00,15.32,133.30,13.95,75.18,4.39,86.07,3.89,8.65,38.30,41.88,0.00,0.00,360.00,5.10,16.53,1.26
8.07,16.12,-0.76,2020-04-09,0.00,100.00,17.65,166.10,15.96,77.70,2.49,107.69,1.43,8.58,42.40,30.21,0.00,0.00,359.00,5.50,12.53,3.33
12.02,18.16,-0.50,2020-04-10,0.00,100.00,24.52,164.10,22.40,57.73,1.35,165.99,0.41,11.45,41.50,11.40,0.00,0.00,359.00,3.80,6.55,2.01
11.60,19.51,0.79,2020-04-11,0.00,100.00,23.98,164.50,21.87,67.46,2.45,132.23,0.86,11.63,42.20,21.42,0.00,0.00,360.00,5.50,11.57,1.58
9.29,17.85,0.60,2020-04-12,0.00,100.00,19.86,166.30,17.99,72.74,2.81,96.66,1.84,9.74,44.10,23.02,0.00,0.00,360.00,6.80,12.37,4.98
12.17,18.58,-0.34,2020-04-13,0.00,100.00,22.41,166.60,20.73,62.41,1.64,167.36,0.78,11.78,43.50,11.45,0.00,0.00,359.00,6.30,8.14,2.71
17.81,20.40,5.60,2020-04-14,0.00,100.00,27.05,133.30,25.28,50.52,2.85,214.81,5.57,17.21,43.00,21.90,0.00,0.00,359.00,9.80,14.70,1.06
6.71,10.96,-1.38,2020-04-15,0.00,100.00,17.79,133.30,16.06,91.08,3.62,107.59,1.84,7.98,19.40,58.38,0.00,0.00,360.00,4.90,16.93,1.49
9.24,16.12,-1.85,2020-04-16,0.00,100.00,19.50,133.30,17.45,58.58,2.27,119.02,0.98,9.54,42.50,27.51,0.00,0.00,359.00,3.90,10.69,1.15
13.13,18.62,-1.46,2020-04-17,0.00,100.00,26.10,60.00,23.97,56.82,1.75,192.63,0.00,12.70,45.70,23.11,0.00,0.00,355.00,4.20,6.95,1.21
16.67,22.02,4.57,2020-04-18,0.00,100.00,27.30,133.30,26.39,57.41,1.83,193.30,4.64,15.94,48.90,24.47,0.00,0.00,355.00,8.20,9.51,1.15
18.96,23.36,6.15,2020-04-19,0.00,100.00,27.52,133.30,28.49,51.76,1.73,194.17,6.15,18.05,51.50,19.19,0.00,0.00,355.00,9.80,7.84,0.90
11.23,16.06,2.35,2020-04-20,0.00,100.00,21.94,133.30,19.84,82.63,3.47,134.35,6.83,11.79,41.70,39.61,0.00,0.00,360.00,9.80,17.65,1.25
8.71,12.04,1.66,2020-04-21,0.00,100.00,15.08,133.30,13.19,80.62,3.21,82.70,5.74,9.53,21.70,47.09,0.00,0.00,359.00,7.40,17.25,1.12
8.70,14.55,0.58,2020-04-22,0.00,100.00,17.37,133.30,15.31,74.62,3.65,87.81,3.69,9.65,41.40,38.35,0.00,0.00,359.00,6.20,14.85,1.28
8.49,16.58,1.03,2020-04-23,0.00,100.00,17.03,133.30,15.51,71.29,3.51,83.98,2.57,9.40,54.60,39.57,0.00,0.00,360.00,5.10,13.81,1.06
9.16,18.13,0.36,2020-04-24,0.00,100.00,19.36,162.60,17.53,74.91,3.28,95.03,1.89,9.83,43.80,39.44,0.00,0.00,359.00,6.30,14.77,1.40
10.85,20.08,-1.10,2020-04-25,0.00,100.00,23.84,163.30,21.64,67.01,1.59,170.80,0.55,10.55,47.30,12.73,0.00,0.00,359.00,5.30,7.07,2.87
14.89,21.22,3.71,2020-04-26,0.00,100.00,26.75,133.30,24.48,60.77,2.39,169.42,3.69,14.54,46.60,23.59,0.00,0.00,360.00,9.10,13.51,1.19
14.75,21.07,5.25,2020-04-27,0.00,100.00,25.40,163.60,23.36,70.07,2.13,137.05,6.85,14.29,48.10,31.18,0.00,0.00,360.00,9.80,9.17,2.35
16.22,21.88,4.62,2020-04-28,0.00,100.00,27.23,159.30,25.10,48.31,2.23,119.99,4.43,15.62,50.50,18.51,0.00,0.00,359.00,9.70,11.01,1.74
19.64,23.44,4.83,2020-04-29,0.00,100.00,27.35,133.30,27.88,47.49,1.83,186.95,4.52,18.61,50.80,19.43,0.00,0.00,355.00,9.60,8.69,1.00
19.25,24.13,9.28,2020-04-30,0.00,100.00,27.23,133.30,27.38,62.36,1.95,206.71,9.15,18.25,50.70,30.17,0.00,0.00,355.00,9.80,8.93,1.20
18.66,26.89,9.04,2020-05-01,0.00,100.00,27.37,133.30,26.14,71.96,1.89,197.71,8.74,17.74,51.80,38.48,0.00,0.00,356.00,14.60,8.41,1.14
19.54,28.36,10.54,2020-05-02,0.00,100.00,27.32,133.30,27.70,67.45,1.85,193.24,10.04,18.54,54.00,30.71,0.00,0.00,355.00,14.80,11.17,1.24
16.89,22.48,10.07,2020-05-03,0.00,100.00,24.17,105.00,22.39,82.46,1.52,178.02,10.79,16.03,49.30,49.09,0.00,0.00,359.00,14.20,8.27,1.13
22.81,31.15,12.42,2020-05-20,0.00,100.00,52.09,133.30,35.56,73.40,1.92,158.61,13.38,21.63,54.10,28.99,0.00,0.00,360.00,16.40,8.70,1.70
16.08,21.64,5.38,2020-05-21,0.00,100.00,27.04,108.60,27.15,91.87,4.09,164.47,9.15,16.09,40.50,41.02,0.00,0.00,359.00,12.90,18.69,0.90
12.94,18.90,4.51,2020-05-22,0.00,100.00,22.32,165.50,20.51,80.34,2.61,135.53,5.19,12.91,38.60,33.82,0.00,0.00,360.00,10.60,15.33,1.28
12.07,18.68,3.48,2020-05-23,0.00,100.00,20.15,165.80,19.16,82.80,1.85,163.08,4.92,11.77,38.60,44.93,0.00,0.00,360.00,8.90,11.89,2.43
15.47,26.77,3.54,2020-05-24,0.00,100.00,26.74,162.90,25.45,65.46,1.43,170.27,4.35,14.72,51.30,20.67,0.00,0.00,355.00,7.80,8.05,2.36
15.13,20.82,6.06,2020-05-25,0.00,100.00,21.76,165.30,20.41,81.84,1.96,161.06,7.37,14.59,41.20,43.12,0.00,0.00,359.00,11.70,8.85,3.17
15.48,25.37,6.66,2020-05-26,0.00,100.00,24.05,164.50,22.17,77.94,2.60,97.71,7.34,15.08,49.00,34.28,0.00,0.00,359.00,11.60,9.63,3.35
14.04,16.71,6.87,2020-05-27,0.00,100.00,19.11,60.00,17.54,87.59,2.70,110.98,7.65,13.86,31.30,60.71,0.00,0.00,359.00,11.60,12.94,1.16
15.39,20.55,6.07,2020-05-28,0.00,100.00,23.35,146.70,21.06,83.86,1.46,195.63,7.37,14.62,50.20,48.40,0.00,0.00,359.00,11.50,6.84,1.21
16.29,22.40,7.46,2020-05-29,0.00,100.00,24.86,150.90,22.83,80.76,1.66,205.05,7.37,15.52,48.80,40.54,0.00,0.00,359.00,11.40,7.73,1.87
18.46,27.42,7.43,2020-05-30,0.00,100.00,26.83,133.30,25.22,70.35,2.25,207.38,7.72,17.64,52.30,30.37,0.00,0.00,355.00,12.10,9.63,1.60
20.18,30.29,9.28,2020-05-31,0.00,100.00,27.28,133.30,27.01,62.26,2.02,202.25,9.42,19.12,54.40,17.26,0.00,0.00,358.00,14.90,8.78,1.15
17.11,22.23,9.81,2020-06-01,0.00,100.00,24.70,133.30,22.43,80.07,1.63,155.67,10.38,16.28,38.30,44.93,0.00,0.00,359.00,-36.00,10.17,1.32
17.26,23.19,9.02,2020-06-02,0.00,100.00,25.87,133.30,23.75,79.02,1.42,170.05,9.76,16.33,48.20,38.42,0.00,0.00,359.00,14.50,9.25,1.29
17.00,21.71,8.97,2020-06-03,0.00,100.00,24.08,163.30,21.97,79.87,1.32,166.82,8.67,16.07,36.10,47.15,0.00,0.00,359.00,14.00,7.38,1.36
20.47,25.95,9.58,2020-06-04,0.00,100.00,28.12,156.80,27.19,67.52,2.34,199.43,9.35,19.47,53.70,27.01,0.00,0.00,355.00,12.90,9.62,1.69
23.33,28.53,12.19,2020-06-05,0.00,100.00,38.61,133.30,31.01,52.48,2.23,196.37,11.54,22.64,53.30,16.85,0.00,0.00,355.00,0.00,11.09,1.12
24.59,29.55,12.31,2020-06-06,0.00,100.00,53.74,162.30,35.95,60.09,1.65,145.57,12.02,23.80,56.60,8.83,0.00,0.00,360.00,14.90,7.25,1.49
23.71,30.31,13.51,2020-06-07,0.00,100.00,36.22,136.30,32.28,61.48,1.85,210.02,12.63,22.89,56.30,18.45,0.00,0.00,358.00,14.90,7.75,1.89
23.94,30.64,13.35,2020-06-08,0.00,100.00,37.20,158.40,31.26,65.94,1.64,187.60,12.90,22.81,56.40,30.33,0.00,0.00,355.00,0.00,6.83,1.21
24.99,31.58,14.16,2020-06-09,0.00,100.00,40.96,60.00,32.72,58.87,1.85,133.89,13.24,23.99,55.40,31.95,0.00,0.00,360.00,0.07,7.66,1.21
23.75,33.21,16.06,2020-06-10,0.00,100.00,31.34,133.30,31.00,67.40,2.30,113.77,15.30,22.65,55.60,26.38,0.00,0.00,360.00,0.00,10.45,1.16
24.02,33.07,14.32,2020-06-11,0.00,100.00,36.25,133.30,31.75,75.14,1.81,201.84,13.52,22.78,57.10,31.58,0.00,0.00,359.00,0.00,9.41,1.39
23.29,32.53,12.12,2020-06-12,0.00,100.00,30.80,133.30,30.48,69.27,2.38,213.91,12.15,22.08,56.80,31.72,0.00,0.00,355.00,0.00,10.20,0.96
22.67,30.13,11.81,2020-06-13,0.00,100.00,28.61,133.30,28.34,72.82,1.80,203.34,11.13,21.36,57.60,40.77,0.00,0.00,359.00,18.40,7.80,0.97
22.58,26.39,14.95,2020-06-14,0.00,100.00,28.21,133.30,27.39,80.83,2.01,197.81,14.88,21.30,44.30,48.14,0.00,0.00,359.00,0.00,8.79,1.20
23.31,27.27,15.56,2020-06-15,0.00,100.00,30.86,133.30,29.77,85.13,1.66,169.23,15.43,21.95,54.30,35.26,0.00,0.00,360.00,0.00,8.37,1.34
24.40,32.48,15.50,2020-06-16,0.00,100.00,41.88,133.30,33.64,79.11,1.96,139.89,15.09,23.21,56.10,24.11,0.00,0.00,359.00,19.10,10.61,2.21
24.70,33.14,16.82,2020-06-17,0.00,100.00,37.14,166.20,31.85,79.41,1.67,158.80,16.66,23.39,58.40,24.85,0.00,0.00,360.00,0.00,7.65,3.55
23.04,27.28,14.32,2020-06-18,0.00,100.00,28.78,151.70,28.29,83.82,1.35,169.75,13.45,21.64,48.90,46.15,0.00,0.00,359.00,0.00,9.56,1.49
22.47,26.00,14.95,2020-06-19,0.00,100.00,30.63,94.30,29.85,85.51,1.57,194.77,14.82,21.12,50.20,46.84,0.00,0.00,358.00,0.00,11.73,1.34
24.87,32.01,13.45,2020-06-20,0.00,100.00,38.29,133.30,31.54,69.82,1.65,195.06,13.31,23.76,57.30,32.76,0.00,0.00,357.00,18.40,8.87,1.06
23.56,32.50,14.34,2020-06-21,0.00,100.00,30.44,156.20,29.62,75.83,2.13,146.57,14.34,22.28,53.90,44.36,0.00,0.00,360.00,20.80,10.69,1.73
23.54,32.45,14.75,2020-06-22,0.00,100.00,31.96,166.30,30.05,79.44,1.81,126.31,14.75,22.22,59.60,43.66,0.00,0.00,359.00,0.00,9.17,2.68
22.43,27.83,11.10,2020-06-23,0.00,100.00,31.03,141.40,29.66,83.79,1.55,163.87,12.84,21.12,51.80,47.22,0.00,0.00,359.00,0.00,14.93,1.96
23.32,30.85,13.38,2020-06-24,0.00,100.00,30.45,133.30,29.14,79.47,1.74,214.29,13.38,21.97,53.90,46.33,0.00,0.00,360.00,0.00,7.84,1.24
24.24,32.74,14.95,2020-06-25,0.00,100.00,31.42,133.30,29.91,82.87,2.27,143.94,14.95,22.91,74.40,42.19,0.00,0.00,360.00,0.00,9.41,1.11
24.25,30.92,17.89,2020-06-26,0.00,100.00,31.05,66.67,29.28,84.96,3.07,87.88,17.75,22.91,51.60,50.45,0.00,0.00,360.00,0.00,12.53,1.19
24.43,33.53,15.47,2020-06-27,0.00,100.00,30.38,157.10,30.02,78.57,3.03,84.67,15.29,23.17,59.10,39.42,0.00,0.00,359.00,0.00,12.45,2.07
24.72,35.10,15.91,2020-06-28,0.00,100.00,31.88,165.80,31.14,76.27,2.64,90.49,14.95,23.54,60.10,29.84,0.00,0.00,359.00,20.00,11.57,3.82
24.69,34.70,15.47,2020-06-29,0.00,100.00,35.11,166.20,34.85,73.42,1.92,113.26,14.95,23.62,58.10,25.18,0.00,0.00,360.00,0.00,9.37,3.98
26.08,35.47,13.10,2020-06-30,0.00,100.00,50.62,166.50,33.99,59.50,1.43,140.66,12.77,25.35,60.30,20.45,0.00,0.00,359.00,0.00,6.45,2.02
27.10,36.11,17.30,2020-07-01,0.00,100.00,38.96,133.30,34.21,74.62,2.49,142.71,16.52,25.39,61.80,32.37,0.00,0.00,360.00,0.00,10.61,1.59
27.06,35.90,19.72,2020-07-02,0.00,100.00,35.73,96.70,32.49,81.59,2.94,93.21,19.32,25.28,61.30,39.58,0.00,0.00,359.00,0.00,13.57,1.61
27.09,35.79,17.89,2020-07-03,0.00,100.00,36.42,133.30,32.71,82.09,2.57,96.49,17.89,25.21,61.90,45.97,0.00,0.00,359.00,0.00,11.09,1.55
27.51,35.54,17.34,2020-07-04,0.00,100.00,39.09,101.70,32.47,82.86,2.29,98.43,17.34,25.43,59.50,50.53,0.00,0.00,359.00,0.00,10.93,1.67
27.62,35.90,19.65,2020-07-05,0.00,100.00,38.97,133.30,32.83,83.06,2.82,96.86,19.39,25.57,60.40,38.73,0.00,0.00,359.00,0.00,14.13,1.43
28.17,36.59,20.55,2020-07-06,0.00,100.00,41.47,133.30,34.38,81.45,2.97,92.31,20.14,26.08,60.80,38.12,0.00,0.00,359.00,0.00,12.21,1.19
28.54,34.85,20.23,2020-07-07,0.00,100.00,41.81,60.00,32.98,83.38,2.87,127.04,20.23,26.17,75.00,45.36,0.00,0.00,359.00,0.00,15.33,1.55
22.95,29.74,16.63,2020-07-08,0.00,100.00,28.15,60.00,27.45,77.48,3.95,128.98,16.39,21.78,75.00,47.36,0.00,0.00,359.00,0.00,16.85,1.52
23.79,31.03,15.15,2020-07-09,0.00,100.00,30.08,60.00,28.14,65.86,3.57,84.40,14.48,22.52,58.10,37.75,0.00,0.00,359.00,0.04,15.36,1.87
24.49,31.39,16.36,2020-07-10,0.00,100.00,31.27,60.00,28.63,70.81,3.78,84.15,16.39,23.18,56.50,41.36,0.00,0.00,359.00,0.05,15.32,1.74
25.34,32.80,17.67,2020-07-11,0.00,100.00,34.83,60.00,30.12,77.54,3.76,84.47,16.80,23.93,58.80,46.31,0.00,0.00,359.00,20.60,15.89,1.56
25.50,34.34,16.06,2020-07-12,0.00,100.00,41.34,60.00,31.13,78.07,2.63,108.43,15.70,24.05,59.20,35.92,0.00,0.00,360.00,0.00,11.17,1.49
21.55,25.33,15.51,2020-07-13,0.00,100.00,27.18,61.00,25.17,84.76,3.62,137.81,15.64,20.56,44.60,50.09,0.00,0.00,360.00,17.60,13.73,1.66
22.67,29.94,14.07,2020-07-14,0.00,100.00,27.44,60.00,26.36,60.27,3.57,86.91,14.08,21.48,55.00,30.45,0.00,0.00,359.00,0.00,13.81,1.61
21.57,25.42,11.40,2020-07-15,0.00,100.00,27.27,60.00,25.20,70.04,2.41,97.06,11.06,20.31,45.90,39.72,0.00,0.00,359.00,17.30,11.20,1.71
22.56,30.66,13.19,2020-07-16,0.00,100.00,29.17,61.00,28.24,68.42,2.22,108.10,12.43,21.25,58.20,33.94,0.00,0.00,359.00,17.40,9.81,1.67
23.26,28.93,12.37,2020-07-17,0.00,100.00,32.39,60.00,30.00,75.81,2.55,98.83,12.43,21.92,56.00,34.34,0.00,0.00,359.00,16.80,11.01,1.72
24.89,30.24,15.08,2020-07-18,0.00,100.00,36.73,60.00,30.63,78.31,3.33,88.85,14.75,23.54,55.90,40.03,0.00,0.00,359.00,0.00,13.09,1.76
25.59,28.75,18.01,2020-07-19,0.00,100.00,35.89,60.00,30.19,82.79,2.62,107.30,17.62,24.07,56.20,45.24,0.00,0.00,360.00,0.00,11.30,1.37
25.30,30.95,16.39,2020-07-20,0.00,100.00,35.89,61.00,30.32,81.88,2.16,145.78,16.39,23.79,54.60,43.42,0.00,0.00,360.00,0.00,9.01,1.67
24.01,28.48,16.46,2020-07-21,0.00,100.00,35.61,60.00,28.41,83.84,1.70,140.01,16.39,22.60,48.10,45.51,0.00,0.00,360.00,20.00,7.89,1.25
26.09,32.76,17.87,2020-07-28,0.00,100.00,43.23,60.00,32.33,78.03,1.99,102.88,17.87,24.49,55.90,39.07,0.00,0.00,358.00,0.00,8.69,1.19
27.87,35.88,16.47,2020-07-29,0.00,100.00,62.43,60.00,35.37,68.46,2.08,117.28,16.05,26.28,62.70,20.83,0.00,0.00,360.00,20.40,9.25,1.13
27.77,36.08,19.12,2020-07-30,0.00,100.00,49.75,60.00,33.25,79.58,2.56,89.62,18.50,25.73,62.00,35.95,0.00,0.00,360.00,22.70,11.01,1.03
27.23,36.15,18.73,2020-07-31,0.00,100.00,46.08,60.00,32.98,79.25,2.09,103.56,17.75,25.30,62.60,42.46,0.00,0.00,359.00,22.70,9.17,0.92
27.08,35.94,17.94,2020-08-01,0.00,100.00,48.06,60.00,32.91,78.28,2.53,119.62,17.28,25.18,61.70,37.99,0.00,0.00,360.00,22.30,11.33,0.93
25.63,34.47,17.91,2020-08-02,0.00,100.00,41.65,61.00,31.38,68.70,3.07,88.53,17.62,24.44,60.80,29.68,0.00,0.00,359.00,22.00,12.53,0.98
24.88,33.47,16.76,2020-08-03,0.00,100.00,36.17,60.00,30.33,68.44,2.85,90.98,16.39,23.64,60.30,15.10,0.00,0.00,360.00,21.10,11.87,0.95
25.56,32.49,17.52,2020-08-04,0.00,100.00,37.01,60.00,30.59,73.42,2.96,90.69,17.51,24.18,60.00,32.39,0.00,0.00,359.00,0.00,12.53,0.87
25.61,34.40,17.65,2020-08-05,0.00,100.00,39.15,60.00,31.68,70.55,2.79,91.02,17.63,24.35,60.90,29.17,0.00,0.00,359.00,21.60,13.01,0.90
26.39,33.04,17.73,2020-08-06,0.00,100.00,41.38,61.00,31.73,79.46,2.96,89.67,17.70,24.78,59.90,41.17,0.00,0.00,359.00,0.00,14.05,1.01
27.62,34.77,20.26,2020-08-07,0.00,100.00,49.45,60.00,34.62,79.41,2.88,100.49,20.00,25.70,61.70,35.75,0.00,0.00,359.00,0.00,14.61,0.91
27.76,32.83,20.78,2020-08-08,0.00,100.00,44.15,60.00,30.77,82.98,3.13,101.56,19.87,25.77,55.50,51.41,0.00,0.00,359.00,0.00,17.97,1.01
27.69,32.91,19.74,2020-08-09,0.00,100.00,43.50,60.00,31.73,82.12,3.75,99.07,19.18,25.71,53.70,46.29,0.00,0.00,360.00,0.00,14.93,0.97
27.00,34.17,17.68,2020-08-10,0.00,100.00,48.36,60.00,32.24,73.91,2.82,108.66,17.82,25.49,58.70,23.88,0.00,0.00,360.00,0.00,12.29,0.89
26.55,34.68,17.78,2020-08-11,0.00,100.00,46.08,60.00,32.28,71.67,2.41,105.53,17.89,25.26,59.90,27.93,0.00,0.00,360.00,0.00,10.45,0.88
26.69,34.81,17.67,2020-08-12,0.00,100.00,51.90,60.00,33.06,70.46,2.28,97.28,17.15,25.39,60.30,25.91,0.00,0.00,360.00,21.10,9.57,0.83
26.85,34.56,17.47,2020-08-13,0.00,100.00,47.72,60.00,32.27,75.03,2.67,95.99,17.47,25.27,59.50,32.97,0.00,0.00,359.00,21.50,11.33,1.05
24.90,33.77,16.67,2020-08-14,0.00,100.00,36.02,60.00,30.57,66.01,2.78,87.56,15.99,23.76,59.20,23.20,0.00,0.00,359.00,21.10,11.09,0.82
25.01,33.16,15.11,2020-08-15,0.00,100.00,37.21,60.00,30.44,65.51,3.07,90.55,15.10,23.84,70.10,30.65,0.00,0.00,358.00,19.80,11.89,0.95
24.63,32.66,15.98,2020-08-16,0.00,100.00,32.51,60.00,29.14,64.41,3.22,85.01,15.77,23.43,57.30,26.38,0.00,0.00,360.00,20.20,13.01,0.91
24.44,31.92,16.50,2020-08-17,0.00,100.00,30.54,60.00,28.89,60.76,3.01,86.64,16.25,23.25,55.20,30.07,0.00,0.00,359.00,0.10,12.29,0.98
24.39,30.27,15.93,2020-08-18,0.00,100.00,31.63,60.00,29.32,72.93,2.40,95.29,15.16,23.07,55.50,44.15,0.00,0.00,359.00,0.00,10.77,0.89
24.76,32.76,15.84,2020-08-19,0.00,100.00,39.39,60.00,31.46,73.19,1.98,107.69,15.65,23.58,58.70,25.05,0.00,0.00,359.00,19.50,9.57,0.81
23.37,27.47,14.26,2020-08-20,0.00,100.00,34.59,61.00,30.15,79.24,1.37,180.69,14.95,22.07,50.50,37.75,0.00,0.00,359.00,19.20,9.14,0.94
24.70,29.76,15.23,2020-08-21,0.00,100.00,34.56,60.00,30.20,82.74,2.11,155.96,15.16,23.28,52.20,46.39,0.00,0.00,360.00,18.80,9.81,1.08
26.28,32.55,14.88,2020-08-22,0.00,100.00,50.11,60.00,32.98,78.56,1.80,137.73,14.54,24.57,58.30,18.44,0.00,0.00,360.00,-14.20,9.01,1.25
25.47,33.26,17.68,2020-08-23,0.00,100.00,41.34,60.00,30.88,77.64,2.31,100.65,17.17,24.07,79.80,36.31,0.00,0.00,359.00,-7.20,11.09,1.09
25.62,30.34,17.44,2020-08-24,0.00,100.00,40.16,61.00,31.66,77.60,2.73,91.67,17.19,24.08,77.70,21.09,0.00,0.00,360.00,-51.90,12.93,1.02
25.33,31.38,16.71,2020-08-25,0.00,100.00,39.86,60.00,31.70,71.77,2.18,103.31,16.39,24.03,57.50,0.82,0.00,0.00,359.00,-51.90,9.01,0.99
24.81,30.90,16.52,2020-08-26,0.00,100.00,39.00,70.50,31.23,77.87,2.13,116.59,16.11,23.43,55.30,0.82,0.00,0.00,360.00,-51.50,9.73,0.94
24.85,30.54,16.07,2020-08-27,0.00,100.00,41.03,60.00,32.21,76.60,1.80,126.59,15.55,23.43,57.30,30.88,0.00,0.00,360.00,-51.90,9.09,0.97
25.89,32.14,14.62,2020-08-28,0.00,100.00,52.12,60.00,33.73,62.48,2.12,115.13,14.02,24.78,62.50,21.13,0.00,0.00,359.00,-51.90,9.17,0.97
26.61,32.76,14.20,2020-08-29,0.00,100.00,49.10,60.00,34.13,73.25,3.11,87.24,13.75,25.02,58.30,26.03,0.00,0.00,359.00,-45.70,13.41,0.92
26.84,33.84,19.26,2020-08-30,0.00,100.00,46.41,60.00,33.25,79.38,2.50,115.40,18.78,25.03,58.90,35.81,0.00,0.00,360.00,22.80,11.49,1.06
25.75,32.48,16.50,2020-08-31,0.00,100.00,43.50,60.00,32.89,77.63,2.11,115.19,15.23,24.21,56.80,42.12,0.00,0.00,360.00,21.40,9.76,0.96
25.88,32.07,16.61,2020-09-01,0.00,100.00,49.46,60.00,33.48,77.49,2.18,93.49,16.58,24.32,56.70,26.75,0.00,0.00,360.00,-51.90,9.89,1.47
25.84,32.29,16.92,2020-09-02,0.00,100.00,49.45,60.00,34.14,80.80,2.25,98.81,16.41,24.20,57.30,24.82,0.00,0.00,359.00,19.60,10.29,1.57
26.49,31.80,16.72,2020-09-03,0.00,100.00,50.77,60.00,33.61,81.15,2.18,99.92,16.72,24.63,55.90,45.63,0.00,0.00,360.00,-51.90,9.33,1.10
23.59,27.60,14.39,2020-09-04,0.00,100.00,33.49,60.00,28.98,81.29,3.18,172.75,15.23,22.33,48.00,49.22,0.00,0.00,360.00,0.00,15.25,1.04
22.75,27.42,13.70,2020-09-05,0.00,100.00,27.62,60.00,27.25,72.77,2.54,166.68,13.38,21.53,48.70,36.23,0.00,0.00,360.00,18.20,12.45,0.89
23.64,30.03,13.84,2020-09-06,0.00,100.00,36.17,60.00,30.37,74.08,1.74,142.63,13.76,22.45,52.30,35.23,0.00,0.00,360.00,16.90,10.21,0.97
24.62,30.89,15.44,2020-09-07,0.00,100.00,39.00,60.00,31.07,78.32,2.05,101.73,15.00,23.25,54.70,42.79,0.00,0.00,359.00,18.60,9.97,1.03
25.17,30.83,16.07,2020-09-08,0.00,100.00,36.73,60.00,30.12,81.27,2.55,98.88,16.08,23.70,53.50,47.81,0.00,0.00,359.00,-51.90,11.73,1.00
24.91,31.53,17.60,2020-09-09,0.00,100.00,36.73,60.00,29.99,76.46,3.24,86.94,16.73,23.54,53.20,45.57,0.00,0.00,359.00,0.05,12.74,0.84
24.41,30.02,14.33,2020-09-10,0.00,100.00,39.56,60.00,30.98,77.19,2.88,88.96,14.54,23.06,55.70,40.02,0.00,0.00,359.00,18.30,13.09,0.97
24.49,28.83,17.44,2020-09-11,0.00,100.00,31.27,60.00,28.91,79.04,3.24,87.25,17.75,23.13,50.20,54.25,0.00,0.00,359.00,0.00,12.37,0.89
25.54,29.99,18.19,2020-09-12,0.00,100.00,33.49,60.00,28.87,79.69,3.36,89.89,17.96,24.12,47.20,47.38,0.00,0.00,359.00,20.20,13.49,1.02
25.37,28.88,19.79,2020-09-13,0.00,100.00,32.24,60.00,28.69,84.83,3.16,104.51,19.66,23.91,49.30,36.10,0.00,0.00,360.00,0.00,13.81,1.02
25.66,30.13,18.48,2020-09-14,0.00,100.00,39.26,60.00,30.19,76.66,3.34,90.05,18.43,24.21,51.00,35.22,0.00,0.00,359.00,0.00,13.37,0.95
25.46,30.58,18.72,2020-09-15,0.00,100.00,37.54,60.00,29.87,73.56,3.61,86.28,18.50,24.20,53.00,33.43,0.00,0.00,359.00,0.00,14.77,0.94
24.81,29.82,18.35,2020-09-16,0.00,100.00,34.02,60.00,29.42,76.42,3.52,82.69,17.89,23.46,51.80,49.09,0.00,0.00,359.00,0.10,15.41,0.88
24.47,29.59,15.61,2020-09-17,0.00,100.00,34.56,60.00,30.98,79.30,1.85,117.94,15.36,23.08,52.40,45.92,0.00,0.00,359.00,0.00,8.45,0.86
23.97,29.53,16.49,2020-09-18,0.00,100.00,33.27,60.00,29.79,79.74,2.79,105.70,16.66,22.71,51.80,46.77,0.00,0.00,359.00,20.00,12.11,1.22
21.70,28.51,13.69,2020-09-19,0.00,100.00,27.22,60.00,25.93,66.25,3.66,87.86,14.41,20.69,49.10,39.46,0.00,0.00,359.00,18.10,13.57,0.91
20.82,25.22,12.82,2020-09-20,0.00,100.00,24.41,60.00,22.53,77.34,2.75,100.31,13.65,19.82,47.20,49.73,0.00,0.00,360.00,17.30,13.25,0.84
22.53,26.89,14.92,2020-09-21,0.00,100.00,27.44,60.00,27.00,72.85,3.06,89.55,15.29,21.35,72.00,40.77,0.00,0.00,359.00,17.70,13.81,0.97
22.42,27.66,14.55,2020-09-22,0.00,100.00,27.32,60.00,26.30,71.85,2.42,97.31,14.88,21.15,47.20,46.05,0.00,0.00,359.00,16.60,10.77,0.70
22.54,27.56,14.53,2020-09-23,0.00,100.00,33.53,60.00,29.13,79.02,1.28,146.25,14.41,21.22,75.00,47.03,0.00,0.00,359.00,17.40,6.19,0.76
24.12,28.59,13.91,2020-09-24,0.00,100.00,43.87,60.00,32.04,65.38,1.35,172.41,13.51,23.06,48.20,24.75,0.00,0.00,355.00,0.00,6.13,0.90
24.56,28.52,16.50,2020-09-25,0.00,100.00,41.38,60.00,30.90,70.30,1.34,178.61,15.66,23.32,48.90,36.83,0.00,0.00,355.00,-51.50,6.31,0.93
26.61,29.23,14.56,2020-09-26,0.00,100.00,52.73,60.00,34.67,55.66,2.66,186.03,14.28,25.86,48.30,22.79,0.00,0.00,355.00,-51.90,15.69,0.91
23.99,28.41,14.83,2020-09-27,0.00,100.00,34.52,62.00,30.35,63.87,2.17,195.83,14.80,22.98,48.80,25.06,0.00,0.00,359.00,-51.90,10.23,0.98
24.79,28.93,13.57,2020-09-28,0.00,100.00,43.15,60.00,31.42,59.56,1.50,175.88,13.49,23.84,49.70,26.73,0.00,0.00,355.00,-51.90,9.55,0.85
22.37,25.31,13.13,2020-09-29,0.00,100.00,33.87,73.03,30.31,81.77,1.57,175.76,13.25,21.17,45.60,30.87,0.00,0.00,359.00,10.10,11.20,0.92
19.52,25.26,11.20,2020-09-30,0.00,100.00,26.97,60.00,26.10,69.83,1.56,177.42,11.20,18.45,47.20,31.75,0.00,0.00,360.00,0.10,8.13,0.89
20.09,25.98,8.96,2020-10-01,0.00,100.00,27.34,60.00,26.44,56.61,1.67,188.40,9.56,18.99,45.80,24.00,0.00,0.00,355.00,14.00,9.61,0.85
21.06,26.38,9.77,2020-10-02,0.00,100.00,28.10,60.00,28.78,61.12,1.63,173.24,9.68,19.96,45.90,25.09,0.00,0.00,355.00,12.90,8.30,0.78
22.03,26.86,9.53,2020-10-03,0.00,100.00,33.99,60.00,31.98,57.21,1.34,151.52,9.41,21.10,47.60,19.79,0.00,0.00,359.00,12.70,6.30,0.88
23.62,28.01,10.00,2020-10-04,0.00,100.00,39.13,60.00,32.40,52.61,1.33,164.16,10.00,22.87,48.00,22.79,0.00,0.00,355.00,13.70,7.46,0.97
25.51,29.63,13.41,2020-10-05,0.00,100.00,56.95,60.00,36.66,53.67,1.59,179.46,13.18,24.81,49.30,17.57,0.00,0.00,355.00,16.40,8.11,0.45
21.03,28.70,20.34,2020-10-07,0.00,75.48,22.42,0.00,23.98,75.48,0.00,327.00,23.98,23.98,28.70,75.48,327.00,0.00,327.00,28.70,0.00,0.00
20.85,21.06,10.48,2020-10-08,0.00,100.00,29.64,122.30,28.84,83.56,1.91,188.27,11.61,19.84,37.50,34.31,0.00,0.00,355.00,15.20,14.29,1.45
17.86,19.23,9.68,2020-10-09,0.00,100.00,26.27,164.00,23.90,88.63,1.24,204.70,10.79,16.83,39.00,56.66,0.00,0.00,360.00,13.90,5.76,1.65
18.38,20.07,10.72,2020-10-10,0.00,100.00,25.49,149.20,23.92,87.09,1.31,182.45,10.79,17.36,40.70,53.48,0.00,0.00,357.00,13.20,6.69,1.29
20.19,22.32,11.06,2020-10-11,0.00,100.00,28.36,60.00,28.04,80.50,1.29,139.99,11.06,19.06,45.00,39.53,0.00,0.00,358.00,13.70,6.87,1.07
21.29,22.59,11.60,2020-10-12,0.00,100.00,31.66,60.00,29.40,75.81,1.15,153.09,11.18,20.13,42.60,32.68,0.00,0.00,356.00,13.70,6.45,1.04
21.98,22.08,12.19,2020-10-13,0.00,100.00,40.29,62.00,33.52,74.92,1.99,178.86,11.84,21.11,45.00,24.42,0.00,0.00,355.00,14.30,11.91,0.95
21.44,22.16,12.39,2020-10-14,0.00,100.00,27.23,60.00,25.86,75.55,1.91,191.21,12.38,20.21,42.00,44.27,0.00,0.00,355.00,15.10,10.41,0.87
21.18,22.77,11.15,2020-10-15,0.00,100.00,28.54,60.00,28.98,73.93,1.29,172.40,10.93,20.01,43.10,35.11,0.00,0.00,355.00,13.50,7.72,0.89
21.72,22.94,11.04,2020-10-16,0.00,100.00,29.97,60.00,29.20,67.46,1.78,180.37,11.02,20.59,43.30,30.48,0.00,0.00,355.00,0.00,9.75,1.00
22.42,21.46,11.79,2020-10-17,0.00,100.00,34.64,61.00,29.24,67.63,1.92,192.96,11.73,21.32,39.80,22.41,0.00,0.00,359.00,14.70,10.69,0.89
17.84,18.27,9.22,2020-10-18,0.00,100.00,23.46,61.00,20.81,84.50,2.58,102.30,11.88,17.22,32.00,54.21,0.00,0.00,359.00,14.30,13.41,0.98
16.01,17.98,6.69,2020-10-19,0.00,100.00,21.86,62.00,19.13,73.64,2.62,120.43,9.97,15.62,32.10,44.64,0.00,0.00,360.00,12.90,13.01,0.90
16.85,16.90,8.84,2020-10-20,0.00,100.00,21.33,61.00,19.68,80.58,3.09,85.78,10.51,16.46,23.10,52.93,0.00,0.00,360.00,13.80,15.38,0.89
18.56,19.15,10.19,2020-10-21,0.00,100.00,26.04,60.00,23.93,82.94,3.47,85.49,12.56,17.99,35.60,54.54,0.00,0.00,359.00,14.40,15.47,0.71
18.91,19.66,11.68,2020-10-22,0.00,100.00,27.27,60.00,25.14,86.18,1.64,107.85,11.82,17.88,37.70,60.30,0.00,0.00,360.00,13.60,7.25,1.32
18.97,20.37,10.45,2020-10-23,0.00,100.00,27.99,78.65,27.51,87.83,1.02,145.25,10.45,17.84,36.00,38.53,0.00,0.00,359.00,13.10,4.93,2.10
19.44,20.90,8.86,2020-10-24,0.00,100.00,29.06,163.20,28.08,88.42,1.24,185.60,9.15,18.40,36.90,38.07,0.00,0.00,355.00,13.00,7.52,2.91
21.06,21.16,10.82,2020-10-25,0.00,100.00,34.56,164.00,29.68,78.84,1.02,152.89,11.37,19.90,37.00,33.72,0.00,0.00,360.00,13.20,6.24,2.94
19.22,20.57,10.72,2020-10-26,0.00,100.00,27.01,99.40,25.28,86.36,1.44,169.64,10.79,18.13,36.90,47.85,0.00,0.00,359.00,14.00,6.72,1.90
18.96,20.03,10.51,2020-10-27,0.00,100.00,27.35,68.62,25.58,89.29,1.81,97.92,10.51,17.95,35.60,58.39,0.00,0.00,359.00,12.80,8.61,2.31
19.92,20.25,13.52,2020-10-28,0.00,100.00,27.36,60.00,24.85,90.63,1.70,101.73,13.52,18.82,40.10,62.25,0.00,0.00,360.00,15.20,7.49,1.45
17.48,18.69,9.63,2020-10-29,0.00,100.00,24.27,60.00,22.08,90.17,1.51,174.56,9.63,16.61,38.00,54.13,0.00,0.00,359.00,12.90,12.88,1.03
14.90,15.75,4.64,2020-10-30,0.00,100.00,23.05,133.40,21.03,92.93,1.46,196.88,6.42,14.30,29.00,63.26,0.00,0.00,359.00,8.80,10.81,1.25
13.51,15.60,3.69,2020-10-31,0.00,100.00,19.81,60.00,18.70,78.43,2.22,230.13,6.01,13.31,30.20,44.69,0.00,0.00,355.00,8.20,9.41,0.88
11.53,14.63,1.88,2020-11-01,0.00,100.00,19.61,60.00,17.55,74.04,1.87,190.68,4.41,11.41,29.20,34.08,0.00,0.00,360.00,6.70,11.24,0.78
12.66,15.00,2.97,2020-11-02,0.00,100.00,22.95,60.00,20.98,77.66,1.11,164.55,3.63,12.08,31.70,33.74,0.00,0.00,355.00,5.70,5.22,1.21
13.35,14.52,4.50,2020-11-03,0.00,100.00,20.58,102.40,17.27,86.76,1.01,177.13,4.38,12.68,24.30,48.38,0.00,0.00,359.00,7.40,5.49,1.28
13.81,15.33,6.88,2020-11-04,0.00,100.00,21.36,89.60,19.54,88.05,2.17,147.65,8.33,13.51,26.70,56.48,0.00,0.00,359.00,9.70,12.61,0.82
15.20,15.61,5.41,2020-11-05,0.00,100.00,21.54,60.00,19.71,88.50,3.95,126.88,9.42,15.29,26.40,67.32,0.00,0.00,359.00,11.80,17.25,1.14
13.28,14.42,6.74,2020-11-06,0.00,100.00,20.61,60.00,18.75,87.88,3.02,115.06,9.22,13.43,22.20,56.37,0.00,0.00,360.00,9.20,12.89,1.19
12.96,13.27,6.15,2020-11-07,0.00,100.00,19.37,60.00,17.14,87.04,1.81,99.45,7.92,12.65,22.40,52.97,0.00,0.00,360.00,7.90,9.44,0.76
14.73,15.43,8.97,2020-11-08,0.00,100.00,21.72,60.00,20.20,84.27,2.51,79.31,10.20,14.45,32.20,53.59,0.00,0.00,359.00,9.10,9.49,0.81
15.91,16.58,8.88,2020-11-09,0.00,100.00,24.45,60.00,22.28,84.90,2.57,87.18,9.99,15.47,32.70,53.29,0.00,0.00,360.00,9.50,11.57,0.90
15.02,15.72,7.98,2020-11-10,0.00,100.00,19.69,61.00,18.25,84.83,3.36,79.87,10.45,14.98,22.30,60.25,0.00,0.00,359.00,0.00,13.38,0.77
13.99,15.31,6.67,2020-11-11,0.00,100.00,20.35,62.00,18.66,83.61,3.33,87.71,9.42,14.10,38.10,61.26,0.00,0.00,359.00,0.00,12.69,0.95
14.01,15.32,5.71,2020-11-12,0.00,100.00,21.53,60.00,19.62,81.30,2.44,93.14,7.94,13.77,36.50,50.70,0.00,0.00,359.00,9.00,12.47,1.10
13.77,15.12,5.99,2020-11-13,0.00,100.00,21.13,60.00,19.06,81.22,1.92,96.23,5.97,13.37,31.10,43.87,0.00,0.00,359.00,7.60,9.69,0.77
12.39,12.92,5.84,2020-11-14,0.00,100.00,18.03,60.00,15.07,88.82,1.88,138.61,8.53,12.18,18.70,46.21,0.00,0.00,360.00,8.50,9.89,0.68
11.95,12.56,4.95,2020-11-15,0.00,100.00,18.95,95.70,17.19,89.41,1.13,151.42,6.61,11.41,25.30,51.70,0.00,0.00,359.00,7.00,8.37,0.84
11.52,12.65,4.08,2020-11-16,0.00,100.00,20.89,60.00,18.73,88.35,1.19,140.32,4.77,11.04,56.60,48.40,0.00,0.00,359.00,0.00,6.53,1.11
12.54,13.66,2.94,2020-11-17,0.00,100.00,24.76,60.00,22.44,84.47,1.53,104.56,3.49,12.04,28.00,0.88,0.00,0.00,359.00,5.20,8.84,1.35
12.14,12.13,3.40,2020-11-18,0.00,100.00,18.58,60.00,16.62,84.66,2.71,100.67,5.08,12.17,20.50,0.88,0.00,0.00,360.00,6.90,20.02,1.11
10.93,12.83,5.34,2020-11-19,0.00,100.00,17.68,60.00,15.77,68.56,4.37,84.55,8.53,11.78,25.60,0.88,0.00,0.00,358.00,0.00,20.94,0.56
11.03,12.92,4.37,2020-11-20,0.00,100.00,18.05,60.00,16.12,67.91,3.30,89.70,7.10,11.48,24.00,0.88,0.00,0.00,360.00,8.00,17.97,0.54
10.04,10.63,2.85,2020-11-21,0.00,100.00,16.04,60.00,13.52,84.60,2.53,94.50,6.01,10.30,19.40,0.88,0.00,0.00,360.00,6.10,16.66,0.48
9.20,9.61,2.80,2020-11-22,0.00,100.00,15.21,60.00,13.12,84.85,2.31,93.23,4.64,9.48,18.00,0.88,0.00,0.00,360.00,5.10,16.64,0.56
9.36,10.50,0.93,2020-11-23,0.00,100.00,21.49,60.00,19.07,79.08,1.45,112.62,1.81,9.15,23.80,0.88,0.00,0.00,359.00,3.70,7.27,0.75
9.59,10.53,-0.57,2020-11-24,0.00,100.00,17.16,76.38,15.53,78.01,2.30,116.98,0.95,9.72,23.70,0.88,0.00,0.00,359.00,2.40,16.74,1.22
10.46,11.99,3.74,2020-11-25,0.00,100.00,18.96,60.00,17.18,67.80,3.22,82.30,6.41,11.01,22.70,0.88,0.00,0.00,359.00,6.80,16.48,0.64
10.30,11.68,1.75,2020-11-26,0.00,100.00,20.38,60.00,18.49,75.62,2.07,96.87,2.53,10.30,25.20,0.88,0.00,0.00,359.00,4.80,12.14,0.47
10.67,11.21,-0.31,2020-11-27,0.00,100.00,24.44,156.60,22.18,75.88,1.28,131.27,1.26,10.29,25.40,0.88,0.00,0.00,360.00,3.00,6.30,1.08
10.37,10.73,-1.56,2020-11-28,0.00,100.00,21.08,121.00,18.97,72.92,1.58,181.35,0.30,10.16,25.30,0.88,0.00,0.00,356.00,2.80,8.20,1.43
11.86,11.11,-0.13,2020-11-29,0.00,100.00,23.82,125.50,21.42,60.85,1.15,160.11,-0.14,11.33,24.90,0.88,0.00,0.00,356.00,2.40,6.21,0.74
8.57,10.60,-2.91,2020-11-30,0.00,100.00,21.54,87.30,19.80,81.57,3.30,183.35,0.25,9.40,25.20,0.88,0.00,0.00,359.00,2.60,16.37,0.85
4.28,7.16,-4.46,2020-12-01,0.00,100.00,10.18,60.00,9.12,91.10,3.27,199.35,1.71,5.83,12.50,0.88,0.00,0.00,359.00,4.40,16.13,0.87
5.48,7.45,-3.79,2020-12-02,0.00,100.00,12.60,60.00,9.69,89.58,2.03,163.67,1.23,6.16,12.60,0.88,0.00,0.00,360.00,4.10,9.49,0.74
9.94,10.24,1.19,2020-12-03,0.00,100.00,19.54,79.40,17.34,90.85,1.65,109.31,4.56,9.81,23.50,0.88,0.00,0.00,360.00,5.00,9.01,1.53
11.91,11.76,2.42,2020-12-04,0.00,100.00,25.28,130.40,23.05,86.48,1.56,120.24,3.31,11.51,25.40,0.88,0.00,0.00,359.00,3.60,8.77,3.64
12.42,12.86,3.50,2020-12-05,0.00,100.00,21.70,131.30,19.28,89.05,2.11,110.42,4.16,12.19,24.80,0.88,0.00,0.00,360.00,5.50,11.81,2.34
11.80,12.42,5.67,2020-12-06,0.00,100.00,20.25,95.70,18.14,87.53,2.44,91.76,6.87,11.82,26.60,0.88,0.00,0.00,359.00,7.10,12.69,0.92
11.23,12.29,5.61,2020-12-07,0.00,100.00,19.79,61.00,18.17,84.99,2.65,94.87,6.35,11.44,23.60,0.88,0.00,0.00,358.00,7.00,12.91,0.70
11.16,11.48,2.69,2020-12-08,0.00,100.00,18.62,60.00,16.51,85.45,1.73,193.10,3.14,10.92,23.10,0.88,0.00,0.00,356.00,5.00,9.52,1.26
11.78,11.90,1.87,2020-12-09,0.00,100.00,23.06,85.20,20.84,80.51,1.42,131.50,3.14,11.31,25.50,0.88,0.00,0.00,359.00,4.40,7.73,1.63
15.43,14.10,3.59,2020-12-10,0.00,100.00,22.38,60.00,20.69,59.80,2.18,162.37,5.14,14.97,25.10,0.88,0.00,0.00,356.00,6.20,10.28,0.70
13.09,13.24,4.66,2020-12-11,0.00,100.00,18.37,110.90,17.05,74.57,2.35,192.92,4.61,12.93,23.60,0.88,0.00,0.00,359.00,6.70,11.84,0.72
12.80,11.70,3.73,2020-12-12,0.00,100.00,18.79,62.00,16.50,79.88,1.68,155.52,4.05,12.45,16.50,0.88,0.00,0.00,356.00,6.40,8.61,0.68
13.28,12.31,2.76,2020-12-13,0.00,100.00,20.50,60.00,18.57,86.75,1.97,141.97,7.58,13.02,17.30,0.88,0.00,0.00,360.00,8.80,16.77,0.70
10.64,12.18,1.52,2020-12-14,0.00,100.00,16.32,60.00,14.89,95.07,4.46,144.07,6.83,11.62,17.20,0.88,0.00,0.00,360.00,8.70,17.97,0.74
7.26,9.97,-0.28,2020-12-15,0.00,100.00,13.67,60.00,12.30,95.19,4.36,169.10,4.98,8.78,16.50,0.88,0.00,0.00,360.00,6.80,18.77,0.80
8.74,9.85,1.90,2020-12-16,0.00,100.00,14.83,60.00,11.36,93.98,1.76,113.68,5.33,8.82,16.50,0.88,0.00,0.00,359.00,7.20,9.28,0.76
9.02,10.53,2.95,2020-12-17,0.00,100.00,14.79,60.00,12.19,92.34,1.74,90.51,6.08,9.08,16.50,0.88,0.00,0.00,360.00,7.30,7.76,0.70
7.87,9.98,-1.01,2020-12-18,0.00,100.00,14.45,60.00,12.34,88.31,1.93,159.12,3.42,8.17,16.50,0.88,0.00,0.00,360.00,3.90,9.17,0.53
7.97,9.73,0.38,2020-12-19,0.00,100.00,16.24,85.40,15.41,87.92,1.44,136.10,3.56,7.92,21.50,0.88,0.00,0.00,359.00,3.70,10.93,0.89
7.37,9.18,0.58,2020-12-20,0.00,100.00,16.45,88.40,13.97,89.49,2.15,97.02,1.15,7.80,22.60,0.81,0.00,0.00,360.00,3.10,10.79,1.16
6.69,9.18,-0.73,2020-12-21,0.00,100.00,13.84,60.00,11.51,83.23,2.34,98.35,2.80,7.32,16.50,0.88,0.00,0.00,360.00,4.00,14.59,0.56
6.26,8.48,-0.55,2020-12-22,0.00,100.00,12.71,60.00,10.29,82.03,1.97,106.11,3.39,6.76,16.50,0.88,0.00,0.00,359.00,3.10,8.88,0.46
7.86,8.17,3.05,2020-12-23,0.00,100.00,12.80,60.00,10.98,78.44,1.91,205.21,4.38,8.15,11.30,0.88,0.00,0.00,354.00,3.20,7.21,0.56
10.47,10.59,4.45,2020-12-24,0.00,100.00,16.38,60.00,14.99,79.24,2.54,201.00,4.91,10.75,22.30,0.88,0.00,0.00,355.00,5.40,12.39,0.63
13.83,12.96,4.02,2020-12-25,0.00,100.00,21.14,60.00,19.28,68.86,3.57,205.94,3.88,13.99,23.20,0.88,1.00,0.00,357.00,5.10,15.74,0.47
15.93,14.43,9.68,2020-12-26,0.00,100.00,21.62,60.00,19.55,67.22,3.33,202.33,10.25,15.74,25.00,0.88,0.00,0.00,355.00,-44.40,12.84,0.56
14.00,13.03,6.03,2020-12-27,0.00,100.00,26.18,60.00,23.63,77.10,1.28,149.21,5.88,13.35,22.80,0.88,0.00,0.00,359.00,6.00,7.05,0.56
13.09,11.76,5.08,2020-12-28,0.00,100.00,18.76,60.00,17.06,71.20,2.44,174.82,5.08,13.01,18.90,0.88,0.00,0.00,355.00,6.20,11.58,0.66
14.25,13.21,4.67,2020-12-29,0.00,100.00,21.81,60.00,20.16,63.74,3.33,189.04,5.30,14.27,25.60,0.88,0.00,0.00,355.00,5.90,13.65,0.50
14.72,14.06,4.26,2020-12-30,0.00,100.00,23.00,60.00,21.07,65.10,2.37,184.84,3.79,14.33,25.30,0.88,0.00,0.00,355.00,5.60,11.81,0.48
14.85,14.21,4.88,2020-12-31,0.00,100.00,23.15,60.00,21.17,62.87,2.68,191.26,5.50,14.57,25.20,0.88,0.00,0.00,357.00,5.90,11.15,0.61
https://data.ibb.gov.tr/api/3/action/help_show?name=datastore_search_sql,False,Internal Server Error
https://data.ibb.gov.tr/api/3/action/help_show?name=datastore_search_sql,False,Internal Server Error
14.82,12.47,5.28,2021-02-01,0.00,100.00,22.44,166.50,20.47,58.50,2.87,185.59,8.26,14.61,22.40,0.88,0.00,0.00,359.00,0.50,14.62,0.89
13.58,12.69,5.54,2021-02-02,0.00,100.00,20.90,60.00,19.36,74.11,2.12,185.81,7.85,13.32,24.30,0.88,0.00,0.00,357.00,2.30,13.59,0.84
13.38,13.56,4.78,2021-02-03,0.00,100.00,22.29,60.00,20.13,77.14,1.25,192.65,4.78,12.72,29.70,0.88,0.00,0.00,356.00,0.50,6.32,0.88
12.75,12.98,3.21,2021-02-04,0.00,100.00,20.38,165.70,18.61,79.92,2.01,203.66,3.33,12.44,29.20,0.88,0.00,0.00,356.00,0.50,10.85,2.48
12.88,12.96,4.59,2021-02-05,0.00,100.00,24.34,166.50,22.17,78.38,1.20,179.88,4.39,12.25,30.20,0.88,0.00,0.00,356.00,0.50,6.84,5.06
12.06,12.41,2.77,2021-02-06,0.00,100.00,20.59,142.50,19.17,83.18,1.77,201.19,2.78,11.73,28.60,0.88,0.00,0.00,356.00,0.50,13.52,3.24
14.18,13.00,3.76,2021-02-07,0.00,100.00,23.22,153.00,21.28,73.19,1.44,190.99,3.76,13.48,28.50,0.88,0.00,0.00,356.00,0.50,12.12,3.96
17.65,15.59,-1.67,2021-02-08,0.00,100.00,26.80,60.00,24.83,49.72,3.44,201.56,9.97,17.23,31.90,0.88,0.00,0.00,358.00,0.00,20.57,0.66
15.55,14.92,7.85,2021-02-09,0.00,100.00,21.57,60.00,19.92,65.66,4.41,211.87,10.04,15.69,30.50,0.88,0.00,0.00,357.00,0.50,16.97,0.64
13.85,15.15,6.49,2021-02-10,0.00,100.00,20.53,60.00,19.38,73.16,3.52,213.35,8.94,14.02,30.60,0.88,0.00,0.00,356.00,2.30,16.35,0.75
15.07,15.96,-4.14,2021-02-11,0.00,100.00,24.21,60.00,22.13,62.11,3.48,203.93,8.74,15.04,29.50,0.88,0.00,0.00,357.00,9.60,18.12,0.78
1.41,6.06,-8.53,2021-02-12,0.00,100.00,14.17,112.80,12.69,79.13,2.44,153.29,-2.24,2.66,16.60,0.81,0.00,0.00,360.00,0.40,16.45,0.91
-2.35,4.62,-12.32,2021-02-13,0.00,100.00,7.41,60.00,5.40,67.26,3.12,122.56,-4.30,0.03,19.90,0.81,0.00,0.00,360.00,-1.80,13.33,0.77
-2.82,-0.40,-10.28,2021-02-14,0.00,100.00,3.93,161.20,2.20,94.80,3.97,87.53,-3.14,-0.02,17.00,0.81,0.00,0.00,358.00,-6.50,20.04,1.06
-1.91,1.41,-10.52,2021-02-15,0.00,100.00,6.79,148.00,5.42,86.00,4.09,113.50,-2.46,0.82,13.50,0.81,0.00,0.00,359.00,-5.20,19.11,0.87
-3.21,0.58,-12.50,2021-02-16,0.00,100.00,4.23,66.32,3.15,72.19,4.41,138.75,-4.51,-0.07,13.40,0.81,0.00,0.00,359.00,-5.50,17.81,0.94
-0.93,1.68,-13.47,2021-02-17,0.00,100.00,9.45,141.80,7.36,80.09,2.31,187.79,-6.63,0.52,15.20,0.81,0.00,0.00,359.00,-6.90,16.68,0.94
1.91,2.79,-8.05,2021-02-18,0.00,100.00,9.56,60.00,5.92,81.72,2.19,209.48,-4.76,3.00,10.70,0.81,0.00,0.00,355.00,-3.20,15.02,0.81
1.80,4.38,-5.77,2021-02-19,0.00,100.00,9.10,60.00,6.07,75.20,1.77,106.97,-1.83,2.56,17.20,0.81,0.00,0.00,360.00,-1.90,11.32,0.85
2.61,5.39,-5.11,2021-02-20,0.00,100.00,11.91,60.00,8.76,65.98,1.45,115.03,-3.58,3.05,21.10,0.81,0.00,0.00,360.00,-2.30,8.09,0.86
4.18,7.13,-5.70,2021-02-21,0.00,100.00,15.97,60.00,13.61,72.01,1.80,90.75,-3.90,4.67,26.50,0.81,0.00,0.00,358.00,-51.90,8.76,0.84
8.62,11.00,1.00,2021-03-05,0.00,55.83,12.29,0.00,11.36,53.41,2.09,200.00,10.20,10.78,11.00,50.98,193.00,1.97,207.00,11.00,2.21,0.00
1.28,3.58,-4.22,2021-03-07,0.00,100.00,6.30,20.00,6.31,79.59,1.51,120.16,-2.25,1.75,11.70,0.81,0.00,0.00,355.00,-1.90,5.49,0.02
5.19,8.68,-5.05,2021-03-08,0.00,100.00,13.88,60.00,12.05,70.45,1.57,179.04,-3.42,5.44,30.10,0.81,0.00,0.00,356.00,-1.90,9.17,0.83
7.38,10.98,-2.93,2021-03-09,0.00,100.00,19.17,60.00,17.35,74.88,2.14,141.85,-1.19,7.78,32.20,0.81,0.00,0.00,360.00,-1.90,11.41,0.95
7.60,11.37,-0.67,2021-03-10,0.00,100.00,19.50,60.00,17.70,82.67,2.97,93.43,2.60,8.47,28.10,0.88,0.00,0.00,359.00,-1.90,12.13,0.90
3.46,6.96,-4.76,2021-03-11,0.00,100.00,11.57,60.00,9.52,76.59,3.86,117.48,0.68,5.31,16.70,0.81,0.00,0.00,360.00,-1.90,19.36,0.92
5.52,9.50,-5.82,2021-03-12,0.00,100.00,14.37,60.00,12.94,65.31,1.43,188.43,-2.39,5.67,29.90,0.81,0.00,0.00,355.00,-1.90,8.16,0.75
8.79,11.59,-2.49,2021-03-13,0.00,100.00,17.94,60.00,16.37,67.59,1.59,185.13,-1.64,8.69,32.00,0.81,0.00,0.00,356.00,-1.90,9.00,0.82
11.71,13.94,0.80,2021-03-14,0.00,100.00,20.71,60.00,19.03,65.28,1.49,180.51,0.78,11.30,36.70,0.88,0.00,0.00,356.00,-1.90,9.32,0.84
13.82,14.89,3.11,2021-03-15,0.00,100.00,23.27,60.00,21.19,65.73,2.19,177.06,3.29,13.55,34.50,0.88,0.00,0.00,356.00,-1.90,12.90,0.72
8.05,11.51,-0.24,2021-03-16,0.00,100.00,14.16,60.00,14.11,78.55,3.69,209.05,3.21,9.10,29.70,0.88,0.00,0.00,356.00,-1.90,20.16,0.81
5.59,8.04,0.32,2021-03-17,0.00,100.00,12.01,60.00,10.18,85.15,2.05,240.13,1.98,6.25,21.00,0.81,0.00,0.00,355.00,-1.90,8.99,0.82
6.51,8.79,0.94,2021-03-18,0.00,100.00,13.29,60.00,12.96,82.42,1.39,214.65,2.19,6.61,24.40,0.88,0.00,0.00,359.00,-1.90,6.05,0.79
6.68,7.91,-0.05,2021-03-19,0.00,100.00,14.45,60.00,12.01,86.55,1.37,129.92,1.03,6.73,20.30,0.88,0.00,0.00,359.00,-1.90,6.55,1.02
6.16,8.55,-0.94,2021-03-20,0.00,100.00,15.06,60.00,12.91,84.43,2.58,82.60,2.60,7.02,23.90,0.88,0.00,0.00,359.00,-1.90,13.65,1.12
4.16,6.38,-2.95,2021-03-21,0.00,100.00,10.29,60.00,8.12,91.14,3.61,73.56,3.07,5.87,10.80,0.88,0.00,0.00,359.00,-1.90,16.24,0.93
6.97,9.34,-4.34,2021-03-22,0.00,100.00,19.97,120.20,19.00,90.71,2.82,163.22,1.84,7.88,33.60,0.88,0.00,0.00,359.00,-1.90,14.62,0.89
3.16,5.97,-3.79,2021-03-23,0.00,100.00,9.46,60.00,7.78,84.18,3.69,123.46,-0.14,5.04,12.00,0.81,0.00,0.00,359.00,-1.90,17.33,0.88
1.75,5.22,-5.38,2021-03-24,0.00,100.00,9.37,60.00,6.88,74.15,2.56,169.52,-2.87,3.14,19.70,0.81,0.00,0.00,360.00,-2.00,15.65,0.84
2.72,6.92,-5.52,2021-03-25,0.00,100.00,9.92,60.00,9.68,74.88,1.94,193.93,-2.94,3.55,25.10,0.81,0.00,0.00,359.00,-2.30,9.98,0.92
5.50,7.95,-3.11,2021-03-26,0.00,100.00,14.56,60.00,10.20,65.13,1.81,227.23,-1.71,5.95,22.00,0.81,0.00,0.00,359.00,-1.90,9.03,0.83
8.83,11.47,-0.85,2021-03-27,0.00,100.00,18.14,60.00,16.21,61.67,1.53,188.06,-0.62,8.77,35.00,0.88,0.00,0.00,356.00,-1.90,6.87,0.82
10.77,13.33,-0.96,2021-03-28,0.00,100.00,19.43,60.00,17.70,60.06,1.82,192.71,-0.97,10.62,37.60,0.88,0.00,0.00,356.00,-1.90,9.55,0.68
8.64,11.82,0.29,2021-03-29,0.00,100.00,16.29,60.00,15.09,65.24,1.96,135.66,1.02,8.88,31.70,0.88,0.00,0.00,359.00,-1.90,9.81,0.87
5.74,8.28,-1.86,2021-03-30,0.00,100.00,12.72,60.00,11.09,81.54,2.45,128.10,0.60,6.50,23.20,0.81,0.00,0.00,359.00,-1.90,14.17,0.89
5.50,8.21,-2.00,2021-03-31,0.00,100.00,12.09,60.00,10.81,81.33,3.60,80.11,0.14,6.88,23.00,0.81,0.00,0.00,359.00,-1.90,15.17,0.75
6.10,10.21,-2.76,2021-04-01,0.00,100.00,13.48,60.00,12.05,76.67,2.15,117.48,0.21,6.63,30.90,0.81,0.00,0.00,359.00,-1.90,10.62,0.84
9.94,13.43,-1.43,2021-04-02,0.00,100.00,19.46,72.10,17.16,69.49,2.54,202.58,0.48,10.22,36.30,0.88,0.00,0.00,357.00,-1.90,11.85,0.80
15.39,15.96,7.01,2021-04-03,0.00,100.00,24.10,60.00,21.82,62.30,2.64,204.39,8.06,15.06,39.20,0.88,0.00,0.00,356.00,-1.90,13.11,0.89
9.59,11.07,0.03,2021-04-04,0.00,100.00,17.80,60.00,16.47,85.35,3.22,138.79,4.98,10.30,30.60,0.88,0.00,0.00,359.00,-1.90,15.76,1.02
6.71,8.36,-1.05,2021-04-05,0.00,100.00,15.90,60.00,10.46,91.44,1.91,141.93,4.10,7.07,17.60,0.88,0.00,0.00,359.00,-1.90,13.65,0.94
14.51,14.14,4.43,2021-04-06,0.00,100.00,24.94,60.00,23.07,78.85,1.76,171.91,5.29,13.92,35.90,0.88,0.00,0.00,357.00,-1.90,12.67,0.76
13.56,16.27,-2.62,2021-04-07,0.00,100.00,24.99,60.00,23.13,73.25,3.91,182.24,3.55,13.87,41.10,0.88,0.00,0.00,359.00,-1.90,18.10,0.81
3.39,7.86,-4.99,2021-04-08,0.00,100.00,10.78,60.00,9.47,88.29,3.52,115.34,1.50,5.11,15.00,0.81,0.00,0.00,359.00,-1.90,16.21,0.90
5.50,9.79,-2.44,2021-04-09,0.00,100.00,12.93,60.00,11.88,71.85,2.49,123.02,-0.32,6.21,30.20,0.81,0.00,0.00,359.00,-1.90,13.09,0.75
6.51,12.01,-2.88,2021-04-10,0.00,100.00,14.73,60.00,13.49,68.34,2.07,130.46,-1.21,6.85,35.20,0.81,0.00,0.00,359.00,-1.90,8.93,0.82
7.54,12.96,-2.98,2021-04-11,0.00,100.00,17.59,60.00,14.99,67.51,1.81,164.03,-1.43,7.64,35.10,0.81,0.00,0.00,359.00,-1.90,8.37,0.86
10.54,14.53,0.71,2021-04-12,0.00,100.00,19.97,60.00,18.29,57.74,1.63,185.90,1.91,10.34,37.30,0.88,0.00,0.00,358.00,-1.90,7.09,0.82
13.48,15.30,-0.16,2021-04-13,0.00,100.00,22.76,60.00,21.18,58.55,1.54,169.09,2.30,12.96,43.10,0.88,0.00,0.00,356.00,-1.90,7.78,0.87
14.63,16.48,4.47,2021-04-14,0.00,100.00,24.88,149.40,23.12,67.93,2.50,171.41,5.80,14.23,43.80,0.88,0.00,0.00,359.00,-1.90,11.11,0.82
9.22,10.61,4.57,2021-04-15,0.00,100.00,15.13,153.80,13.42,87.42,1.97,91.97,5.37,9.29,15.90,0.88,0.00,0.00,360.00,-1.90,7.25,0.93
9.96,14.90,3.79,2021-04-16,0.00,100.00,17.78,60.00,16.53,68.98,2.95,80.83,6.83,10.55,35.20,0.88,0.00,0.00,356.00,-1.90,9.73,1.62
8.72,10.99,3.50,2021-04-17,0.00,100.00,12.95,60.00,11.06,92.84,2.59,105.73,7.10,9.22,16.90,0.88,0.00,0.00,355.00,-1.90,9.01,0.56
10.19,13.15,3.41,2021-04-18,0.00,100.00,17.51,60.00,15.48,90.89,2.03,133.40,6.90,10.26,28.00,0.88,0.00,0.00,356.00,-1.90,8.77,0.86
10.59,10.99,3.79,2021-04-19,0.00,100.00,17.23,124.50,16.45,90.35,2.50,134.03,7.44,10.84,19.10,0.88,0.00,0.00,355.00,-1.90,15.53,0.84
12.01,14.94,3.53,2021-04-20,0.00,100.00,19.73,60.00,18.70,77.42,2.29,197.98,4.23,11.94,41.40,0.88,0.00,0.00,356.00,-1.90,11.59,0.96
13.55,16.67,3.03,2021-04-21,0.00,100.00,22.73,126.60,21.29,70.23,1.77,192.97,2.78,13.07,43.80,0.88,0.00,0.00,356.00,-1.90,7.97,1.41
14.78,17.06,4.23,2021-04-22,0.00,100.00,24.35,60.00,22.25,62.96,1.63,189.15,3.96,14.15,44.90,0.88,0.00,0.00,356.00,-1.90,8.46,0.93
16.61,17.23,6.93,2021-04-23,0.00,100.00,25.65,60.00,23.67,62.53,1.71,191.62,6.83,15.82,43.10,0.88,0.00,0.00,356.00,-1.90,8.90,0.97
12.24,13.72,4.82,2021-04-24,0.00,100.00,21.64,60.00,19.80,84.97,2.75,94.09,7.66,12.36,31.70,0.88,0.00,0.00,356.00,-1.90,12.77,1.05
9.07,11.89,3.96,2021-04-25,0.00,100.00,15.08,60.00,13.83,85.03,3.57,78.47,6.35,9.95,28.50,0.88,0.00,0.00,356.00,-1.90,13.57,0.96
11.63,16.03,2.10,2021-04-26,0.00,100.00,22.48,60.00,19.24,68.61,1.98,116.68,3.02,11.51,46.50,0.88,0.00,0.00,357.00,-1.90,8.54,0.95
14.94,16.89,0.64,2021-04-27,0.00,100.00,25.89,61.00,23.94,59.22,1.36,169.55,1.42,14.19,46.10,0.88,0.00,0.00,356.00,-1.90,7.13,0.91
15.39,17.77,5.16,2021-04-28,0.00,100.00,27.02,60.00,25.22,70.31,2.26,129.45,5.97,14.95,43.80,0.88,0.00,0.00,358.00,-1.90,10.37,0.96
